{
  "per_class": {
    "class_0": {
      "precision": 0.7297297297297297,
      "recall": 0.8244274809160306,
      "f1_score": 0.7741935483870968,
      "support": 393
    },
    "class_1": {
      "precision": 0.8906666666666667,
      "recall": 0.912568306010929,
      "f1_score": 0.9014844804318488,
      "support": 366
    },
    "class_2": {
      "precision": 0.7301587301587301,
      "recall": 0.5897435897435898,
      "f1_score": 0.6524822695035462,
      "support": 156
    },
    "class_3": {
      "precision": 0.9545454545454546,
      "recall": 0.7636363636363637,
      "f1_score": 0.8484848484848485,
      "support": 55
    },
    "class_4": {
      "precision": 0.7406015037593985,
      "recall": 0.7665369649805448,
      "f1_score": 0.7533460803059273,
      "support": 257
    },
    "class_5": {
      "precision": 0.7378277153558053,
      "recall": 0.718978102189781,
      "f1_score": 0.7282809611829945,
      "support": 274
    },
    "class_6": {
      "precision": 0.5,
      "recall": 0.06666666666666667,
      "f1_score": 0.11764705882352941,
      "support": 15
    },
    "class_7": {
      "precision": 0.6,
      "recall": 0.23076923076923078,
      "f1_score": 0.3333333333333333,
      "support": 13
    }
  },
  "macro_avg": {
    "precision": 0.7354412250269732,
    "recall": 0.609165838114142,
    "f1_score": 0.6386565725566405,
    "support": 1529
  },
  "weighted_avg": {
    "precision": 0.77630603411524,
    "recall": 0.7782864617396992,
    "f1_score": 0.7729968935787151,
    "support": 1529
  },
  "accuracy": 0.7782864617396992
}