{
  "Accuracy": 0.7782864617396992,
  "F1_micro": 0.7782864617396992,
  "F1_macro": 0.6386565725566405,
  "Precision_macro": 0.7354412250269732,
  "Recall_macro": 0.609165838114142
}