{
  "per_class": {
    "class_0": {
      "precision": 0.6472081218274112,
      "recall": 0.648854961832061,
      "f1_score": 0.6480304955527318,
      "support": 393
    },
    "class_1": {
      "precision": 0.8641618497109826,
      "recall": 0.8169398907103825,
      "f1_score": 0.8398876404494382,
      "support": 366
    },
    "class_2": {
      "precision": 0.4260355029585799,
      "recall": 0.46153846153846156,
      "f1_score": 0.4430769230769231,
      "support": 156
    },
    "class_3": {
      "precision": 0.0,
      "recall": 0.0,
      "f1_score": 0.0,
      "support": 55
    },
    "class_4": {
      "precision": 0.6579925650557621,
      "recall": 0.688715953307393,
      "f1_score": 0.6730038022813688,
      "support": 257
    },
    "class_5": {
      "precision": 0.5501432664756447,
      "recall": 0.7007299270072993,
      "f1_score": 0.6163723916532905,
      "support": 274
    },
    "class_6": {
      "precision": 0.0,
      "recall": 0.0,
      "f1_score": 0.0,
      "support": 15
    },
    "class_7": {
      "precision": 0.0,
      "recall": 0.0,
      "f1_score": 0.0,
      "support": 13
    }
  },
  "macro_avg": {
    "precision": 0.39319266325354757,
    "recall": 0.4145973992994497,
    "f1_score": 0.40254640662671903,
    "support": 1529
  },
  "weighted_avg": {
    "precision": 0.6258606354268071,
    "recall": 0.6507521255722695,
    "f1_score": 0.6363916766880519,
    "support": 1529
  },
  "accuracy": 0.6507521255722695
}