{
  "Accuracy": 0.6507521255722695,
  "F1_micro": 0.6507521255722695,
  "F1_macro": 0.40254640662671903,
  "Precision_macro": 0.39319266325354757,
  "Recall_macro": 0.4145973992994497
}