{
  "per_class": {
    "class_0": {
      "precision": 0.5945454545454546,
      "recall": 0.8320610687022901,
      "f1_score": 0.6935312831389183,
      "support": 393
    },
    "class_1": {
      "precision": 0.9008746355685131,
      "recall": 0.8442622950819673,
      "f1_score": 0.8716502115655853,
      "support": 366
    },
    "class_2": {
      "precision": 0.6703296703296703,
      "recall": 0.391025641025641,
      "f1_score": 0.4939271255060729,
      "support": 156
    },
    "class_3": {
      "precision": 1.0,
      "recall": 0.6545454545454545,
      "f1_score": 0.7912087912087912,
      "support": 55
    },
    "class_4": {
      "precision": 0.6973684210526315,
      "recall": 0.6186770428015564,
      "f1_score": 0.6556701030927835,
      "support": 257
    },
    "class_5": {
      "precision": 0.6777777777777778,
      "recall": 0.6678832116788321,
      "f1_score": 0.6727941176470589,
      "support": 274
    },
    "class_6": {
      "precision": 0.0,
      "recall": 0.0,
      "f1_score": 0.0,
      "support": 15
    },
    "class_7": {
      "precision": 0.36363636363636365,
      "recall": 0.3076923076923077,
      "f1_score": 0.3333333333333333,
      "support": 13
    }
  },
  "macro_avg": {
    "precision": 0.6130665403638014,
    "recall": 0.5395183776910061,
    "f1_score": 0.5640143706865679,
    "support": 1529
  },
  "weighted_avg": {
    "precision": 0.7145912209776182,
    "recall": 0.7056899934597777,
    "f1_score": 0.6993701928485957,
    "support": 1529
  },
  "accuracy": 0.7056899934597777
}