{
  "Accuracy": 0.7056899934597777,
  "F1_micro": 0.7056899934597777,
  "F1_macro": 0.5640143706865679,
  "Precision_macro": 0.6130665403638014,
  "Recall_macro": 0.5395183776910061
}